model_id,seed,avg_train_loss,avg_val_loss,avg_test_loss,gretz_pearson,toledo_pearson,ukp_pearson,swanson_pearson,avg_pearson
STLAS_only_gretz_randomized,5001,0.017910291500231053,0.029394023160895576,0,0.5001523955923309,0.41485368183624655,0.24436238764262555,0.43569522951948425,0.3987659236476718
STLAS_only_gretz_randomized,2915,0.01823177510123448,0.03153196468632272,0,0.49231685888769205,0.36665946993092974,0.30558742592278504,0.487366812161973,0.412982641725845
STLAS_only_gretz_randomized,2856,0.01746375327264624,0.029218442995656044,0,0.4727478276198839,0.4100667256688713,0.22295100524468672,0.34534548021290484,0.3627777596865867
STLAS_only_gretz_randomized,3027,0.019517414152516163,0.030993459684153398,0,0.49350705007452755,0.335599806383698,0.3301368600258688,0.2620055715516941,0.35531232200894713
STLAS_only_gretz_randomized,68,0.018718220296848033,0.031878769338289474,0,0.5059481280830186,0.4090623212896372,0.36927503480267965,0.3108942827406835,0.39879494172900476
STLAS_only_gretz_randomized,9735,0.018685928360302594,0.029655239247578256,0,0.4934607268116493,0.38662553069394723,0.33489392200717794,0.34764944014750726,0.3906574049150704
STLAS_only_gretz_randomized,8267,0.01862526415440608,0.030188696538197234,0,0.5180441215648862,0.4027624217578034,0.2943382566461491,0.26728032596314233,0.37060628148299524
STLAS_only_gretz_randomized,7828,0.01818313285076576,0.03047417526311697,0,0.4833838353649751,0.3387815521500693,0.2560536797521628,0.2489399863666413,0.3317897634084621
STLAS_only_gretz_randomized,5132,0.01944608707643807,0.030904861555124324,0,0.49971954673208585,0.3654857472877307,0.3687802779255326,0.3392305475141023,0.3933040298648628
STLAS_only_gretz_randomized,9667,0.01929597626605355,0.029931156896054745,0,0.49088011504413986,0.46935253421416295,0.4277336637160912,0.346798752636435,0.4336912664027072
STLAS_only_toledo_randomized,6914,0.024432379566133023,0.03794960092220988,0,0.3906659740709992,0.419589375693957,0.24419669120356718,0.16866756297041025,0.3057799009847334
STLAS_only_toledo_randomized,6213,0.02228697877791193,0.038475684144280174,0,0.407558883577601,0.3605209651207369,0.25094777851235117,0.38402201414896203,0.35076241033991273
STLAS_only_toledo_randomized,7871,0.02322499774057757,0.04051636792719364,0,0.4101058502401038,0.30070022397671636,0.16507548828559968,0.3997461584818831,0.3189069302460757
STLAS_only_toledo_randomized,3652,0.021707440022288298,0.03568011137346427,0,0.3535610867323904,0.1768316678753774,0.26779508927966655,0.3530006110833104,0.2877971137426862
STLAS_only_toledo_randomized,1179,0.02566793497482484,0.04116596579551697,0,0.4287511531246742,0.41567175649552834,0.19574887345852884,0.3781735070112962,0.3545863225225069
STLAS_only_toledo_randomized,8089,0.026317815884555642,0.03938674447791917,0,0.37243115533562915,0.383215374408204,0.2752634999467204,0.18951435148754234,0.305106095294524
STLAS_only_toledo_randomized,8355,0.026019367071368347,0.04465495869517326,0,0.4010879251274099,0.2965905987232191,0.18159775007145096,0.3334375035742861,0.3031784443740915
STLAS_only_toledo_randomized,6019,0.024974526209837717,0.03591955370373196,0,0.3728511839729606,0.465083585010934,0.28866399725880126,0.3695524174773002,0.374037795929999
STLAS_only_toledo_randomized,8074,0.02078247109602671,0.044192152470350264,0,0.38624995523269123,0.33934458356762637,0.21177450738363135,0.37559252324988673,0.3282403923584589
STLAS_only_toledo_randomized,3887,0.025180629501119257,0.03830766881054098,0,0.41162208711226195,0.42102345717454753,0.31937819675120616,0.28410676439123667,0.3590326263573131
STLAS_only_swanson_randomized,3267,0.017228891547673788,0.028761381283402443,0,0.14265977427554005,0.1421800297689871,0.1558995639495196,0.4170682333838687,0.21445190034447886
STLAS_only_swanson_randomized,6645,0.025883531414492185,0.062314735991614204,0,0.206212908892105,0.3153381462224575,0.22378942017005796,0.6355196371166272,0.3452150281003119
STLAS_only_swanson_randomized,1678,0.017008519038940087,0.029276551057895023,0,0.1540681043611514,0.12299338093279616,0.1982199149386766,0.42306854916907577,0.224587487350425
STLAS_only_swanson_randomized,983,0.0193103194469586,0.02752110129222274,0,0.17290911162032385,0.08394891355977882,0.2510462619900485,0.4254343108064501,0.23333464949415034
STLAS_only_swanson_randomized,2664,0.02063550627516473,0.03774943482130766,0,0.1882353720936534,0.13254814307782697,0.4451896702581443,0.6191773578289882,0.3462876358146532
STLAS_only_swanson_randomized,7847,0.0166504477489401,0.053759850561618805,0,0.20178928230846419,0.23698446148569574,0.34561057097729914,0.6697012213482245,0.3635213840299209
STLAS_only_swanson_randomized,2771,0.02103051022541794,0.030242084215084713,0,0.15713404006103818,0.20326028285586342,0.23684470938907085,0.4342342638876323,0.2578683240484012
STLAS_only_swanson_randomized,9820,0.01869462848621972,0.06297361767954296,0,0.045947097841172076,0.07820312227862208,0.3051741716209962,0.42885102904440475,0.21454385519629876
STLAS_only_swanson_randomized,7431,0.02148262329180451,0.03620177631576856,0,0.12087322331044646,0.23547030196728175,0.22377203534092785,0.6294160192804295,0.3023828949747714
STLAS_only_swanson_randomized,1019,0.017200452254407785,0.05609516799449921,0,0.17493897139633158,0.23123101999041693,0.36987818885615564,0.6557969958991289,0.35796129403550825
STLAS_only_ukp_randomized,6411,0.015187503723427653,0.027328230440616608,0,0.18260045948293663,0.07662820572672445,0.4178941863772228,0.2031539313066313,0.2200691957233788
STLAS_only_ukp_randomized,5313,0.01634791847318411,0.01754705049097538,0,0.18696663148525045,0.10316935626259137,0.32278107382898935,0.30774001159823067,0.23016426829376546
STLAS_only_ukp_randomized,6485,0.018369355984032155,0.014945931732654572,0,0.1852832990300932,0.12062707830570081,0.34861654163111794,0.4865841974668606,0.28527777910844315
STLAS_only_ukp_randomized,9698,0.017065417021512985,0.013770915567874908,0,0.2113665932394227,0.10526914885964613,0.413810068858657,0.2456648623844245,0.24402766833553757
STLAS_only_ukp_randomized,8427,0.016186358919367195,0.025138188153505325,0,0.24685557018187962,0.02263803474814836,0.43041893387312363,0.23199075718154102,0.23297582399617317
STLAS_only_ukp_randomized,9023,0.019897585941685572,0.014981798827648163,0,0.19548753114282394,0.13611763156189713,0.31364632105788615,0.5250736019680128,0.292581271432655
STLAS_only_ukp_randomized,6048,0.017121792957186698,0.01686728745698929,0,0.19681212422725344,0.04768039200183038,0.4527686355542955,0.3323014736059427,0.2573906563473305
STLAS_only_ukp_randomized,6961,0.018122999742627145,0.01954982616007328,0,0.24800495631653,0.20068612350958884,0.3025420144229439,0.5105251376126673,0.3154395579654325
STLAS_only_ukp_randomized,8465,0.017082230048254134,0.03275825083255768,0,0.18042842071156837,0.048668153930834186,0.1519376787663322,0.22885962435372506,0.15247346944061496
STLAS_only_ukp_randomized,3164,0.01574740270152688,0.020885270088911057,0,0.21792859050897345,0.14524702964515054,0.4641990150805963,0.23659387507744942,0.2659921275780424
STLAS_LOO_gretz_randomized,6851,0.01739442083485348,0.05106076872662494,0,0.17800656529121198,0.11037797597388033,0.33624591174667906,0.5602917930984642,0.2962305615275589
STLAS_LOO_gretz_randomized,2815,0.02054116175951142,0.05092161614447832,0,0.2201938939959074,0.15458859470098232,0.06576351936756022,0.6067702636455725,0.26182906792750565
STLAS_LOO_gretz_randomized,6019,0.02339241436986935,0.054420951960815325,0,0.21077235989968143,0.2932162422826427,0.20843595944644067,0.6337228002736217,0.3365368404755966
STLAS_LOO_gretz_randomized,5274,0.02122635495300605,0.053810437520345054,0,0.14751917318682203,0.28501052906678015,0.3838696142607694,0.3772862261295602,0.298421385660983
STLAS_LOO_gretz_randomized,1798,0.021588976853168927,0.04691295413986633,0,0.21589044188657433,0.25611069637827844,0.2607892808075602,0.32063785293720676,0.26335706800240494
STLAS_LOO_gretz_randomized,9850,0.015589785831118072,0.03836897672399094,0,0.2735565229118392,0.2206389152490974,0.13920139304434026,0.41626200430216687,0.2624147088768609
STLAS_LOO_gretz_randomized,7603,0.020381534922747843,0.053580177415694506,0,0.24682603002805742,0.20668554781169274,0.1742255612932337,0.3768332465524104,0.25114259642134856
STLAS_LOO_gretz_randomized,5439,0.026314502219315125,0.05497791705762639,0,0.21248142470276105,0.15682503663140912,0.05158777166266912,0.5707190654190484,0.2479033246039719
STLAS_LOO_gretz_randomized,4357,0.02356349511051571,0.03989880854407182,0,0.18121281278057744,0.030951348662858747,0.133581242799898,0.3219968913511902,0.1669355738986311
STLAS_LOO_gretz_randomized,7403,0.02627324064572652,0.05992429107427597,0,0.22235221575974584,0.26347763180862077,0.26450877635211467,0.5654348697230472,0.3289433734108821
STLAS_LOO_toledo_randomized,1053,0.014812509442592884,0.03558510240788261,0,0.43140214167537927,0.30399581002140347,0.12117722326091925,0.6272049983883544,0.37094504333651407
STLAS_LOO_toledo_randomized,6118,0.013025338814487893,0.03171483843276898,0,0.4567566953207888,0.3646250219185051,0.35032713378129104,0.34141585692255044,0.37828117698578384
STLAS_LOO_toledo_randomized,8608,0.012305319674620762,0.03640852487712566,0,0.4731296201525526,0.35563775414620175,0.19149415692677604,0.4197902806370932,0.36001295296565594
STLAS_LOO_toledo_randomized,9518,0.010642469304256401,0.03686047984021051,0,0.4418526143739773,0.3531993270513465,0.3419388651308481,0.3859645407589946,0.38073883682879167
STLAS_LOO_toledo_randomized,1971,0.012015021804450866,0.03636548016220331,0,0.4477049973034654,0.26988299353403783,0.3756200781327476,0.6013065924355269,0.42362866535144444
STLAS_LOO_toledo_randomized,9750,0.013180374788280677,0.03413452062134941,0,0.44925750854617275,0.3175823792970226,0.39998688512369096,0.38194814669182736,0.38719372991467843
STLAS_LOO_toledo_randomized,5132,0.011906714592391182,0.0380722038700419,0,0.4691923121267394,0.3218777061532107,0.20717495408736925,0.4380983059927698,0.3590858195900223
STLAS_LOO_toledo_randomized,9207,0.01667653599473755,0.035430375968330895,0,0.4373527848973847,0.38762126750997855,0.516246038563706,0.4444586654341241,0.4464196891012983
STLAS_LOO_toledo_randomized,3614,0.015931043189007742,0.034982159860053305,0,0.44281833629173917,0.24263962908906206,0.4156764295575271,0.6212150203294808,0.4305873538169523
STLAS_LOO_toledo_randomized,6831,0.016129323292402027,0.03861030526459217,0,0.403832787233812,0.3208713418494472,0.42043178010942334,0.5911902627632721,0.43408154298898866
STLAS_LOO_swanson_randomized,4429,0.013481796664271462,0.04008552342377327,0,0.44531618287141667,0.2791054339922371,0.25646009691511545,0.25515003584678697,0.30900793740638904
STLAS_LOO_swanson_randomized,3986,0.018566891474094363,0.03718865310241069,0,0.40694397314336506,0.16068564193652235,0.1413227175063892,0.1388464658978495,0.2119496996210315
STLAS_LOO_swanson_randomized,9529,0.018338754031775525,0.035731087162814756,0,0.4032331298243232,0.1846824066343807,0.24951073269888452,0.242118704237177,0.2698862433486913
STLAS_LOO_swanson_randomized,8916,0.013870224484972741,0.03801491470499472,0,0.3835667502155879,0.3269952361826742,0.10867100595442021,0.5048694942962653,0.3310256216622369
STLAS_LOO_swanson_randomized,3526,0.019651312571209115,0.043880182364192166,0,0.3023059113741835,0.1440681821872931,0.12799570501025356,0.1332678400884914,0.17690940966505542
STLAS_LOO_swanson_randomized,48,0.01766837872070285,0.03510908509508289,0,0.36614267224448616,0.15916575903381702,0.19361618844585757,0.16010990307439177,0.21975863069963814
STLAS_LOO_swanson_randomized,5333,0.01826951790034123,0.03590034845016771,0,0.32347007090628327,0.10168870503682816,0.10824810628492049,0.221782082252267,0.18879724112007473
STLAS_LOO_swanson_randomized,3575,0.01601191392077672,0.03740034128228823,0,0.3915829405036183,0.23615172693870534,0.05256451835281641,0.3043140712039961,0.24615331424978404
STLAS_LOO_swanson_randomized,5877,0.01244133325950431,0.034227423154963896,0,0.4093848300685469,0.2961170790457506,0.12064186725272326,0.22083231473446727,0.261744022775372
STLAS_LOO_swanson_randomized,8828,0.017371663821039867,0.03679270975823913,0,0.3673429614268275,0.16558330173187424,0.08905119706891912,0.1836555453091884,0.20140825138420232
STLAS_LOO_ukp_randomized,9808,0.019125478182377507,0.033818774433298546,0,0.42187401216632486,0.3094245580161051,0.19414607032933773,0.37698218777201464,0.32560670707094563
STLAS_LOO_ukp_randomized,8674,0.01954666452326704,0.040590965979252804,0,0.4260522730582351,0.35046374628146304,0.2492262124677838,0.5984082861156322,0.40603762948077854
STLAS_LOO_ukp_randomized,3156,0.017434015221673475,0.035499328555648815,0,0.4585520666739104,0.38857982373051125,0.2381124688712976,0.4344551850953087,0.379924886092757
STLAS_LOO_ukp_randomized,5122,0.016435120735600914,0.035127313834998536,0,0.36914199802756065,0.2409378832014536,0.3763217022610547,0.5567569217013736,0.3857896262978607
STLAS_randomized,1900,0.016999220704547242,0.04365081790213784,0,0.36153819612393795,0.3068908262308556,0.13575001855636074,0.6250951201220966,0.35731854025831267
STLAS_LOO_ukp_randomized,8365,0.020862515498645543,0.03897184959209677,0,0.3916834248936421,0.30235966046248564,0.23974832290107317,0.6553465830773058,0.3972844978336266
MTLAS_randomized,5884,0.01659469821084386,0.036052092242596756,0,0.4947372904219368,0.4251727987995505,0.28217255995132107,0.36931205116922794,0.392848675085509
STLAS_randomized_topic,5092,0.01616570676930926,0.034105057758626656,0,0.4913777416462029,0.15384786377277654,0.2763664166277212,0.4267624888300387,0.3370886277191848
STLAS_LOO_ukp_randomized,5511,0.020057078724322545,0.03453998988413293,0,0.42012087400156795,0.40128771768631816,0.269442662221056,0.5664736530052628,0.4143312267285512
STLAS_randomized,7148,0.01830912677673843,0.04022302933256416,0,0.3768168205795031,0.13639962590030427,0.23926975643568893,0.40421391161464665,0.28917502863253575
MTLAS_randomized,4098,0.01306116483246647,0.03620744239764683,0,0.47024928293894375,0.38550303187458096,0.3039974311255578,0.6506477734400459,0.45259937984478205
STLAS_randomized_topic,7941,0.01856155450959519,0.03542712892477329,0,0.4675558175357687,0.19091266597301354,0.11670285251386686,0.625708855776458,0.35022004794977674
STLAS_LOO_ukp_randomized,2877,0.020617611864677716,0.03771360453645714,0,0.43309802170865713,0.3208112599087376,0.27270009414553287,0.38928902681627425,0.35397460064480046
STLAS_randomized,859,0.01612871974758785,0.036755244207123054,0,0.4090572831732574,0.001535420033469988,0.3790171286989367,0.41402584052931796,0.30090891810874554
STLAS_LOO_ukp_randomized,9919,0.016692628204001216,0.03921332459656462,0,0.39144968490375504,0.3385092559574293,0.3801939836377966,0.4356364958865508,0.38644735509638295
MTLAS_randomized,8790,0.014940171114688695,0.035077741595783404,0,0.49750572903981904,0.31651712301055024,0.3755187823361512,0.5638788420106331,0.4383551190992884
STLAS_randomized_topic,9804,0.01882870291861204,0.03370858983924756,0,0.46127491977409063,0.2336691588435539,0.184236336093329,0.5778898237132974,0.3642675596060677
STLAS_randomized,834,0.019276079183596733,0.04493422845614628,0,0.35284065188658753,0.23431486733583573,0.10137732169063719,0.6077509929145721,0.3240709584569082
MTLAS_randomized,7614,0.018097508831573798,0.03643745133682849,0,0.4843843073454224,0.34897054184333,0.410860944850908,0.6544253378028221,0.4746602829606206
STLAS_LOO_ukp_randomized,9485,0.01425282261827123,0.03720308584508611,0,0.40824759821285794,0.3878708660847694,0.23049098546155045,0.32478445990689514,0.33784847741651824
STLAS_randomized,3905,0.015800180048469566,0.04015476184172763,0,0.35083328695418536,0.18662083624902295,0.21145952741570226,0.6363330449621002,0.3463116738952527
STLAS_randomized_topic,4432,0.015264153273164993,0.036330689690006315,0,0.4766139429238416,0.4174930280993682,0.28348574030938795,0.6039907689584247,0.44539587007275566
MTLAS_randomized,7754,0.018545016084256988,0.03413119563271129,0,0.5052974585677075,0.3020542374230477,0.5027510433904608,0.6715909514919344,0.49542342271828765
STLAS_LOO_ukp_randomized,5713,0.01764893725343711,0.03915757393198354,0,0.3741781178039353,0.34643717525543327,0.37530569437056943,0.6358372175357233,0.43293955124141537
STLAS_randomized,6911,0.014673320345504358,0.04021289508091286,0,0.43341062237214234,0.2515758392059728,0.32639552183762927,0.4422985681099007,0.3634201378814113
MTLAS_randomized,4421,0.015174435181166939,0.034730574665743794,0,0.4796111346816487,0.32696795840663695,0.26226801673994893,0.64238737961308,0.4278086223603286
STLAS_randomized_topic,2552,0.015390419816483081,0.035458674709148263,0,0.44567882996178587,0.3775816423363913,0.35490598875180585,0.38241553447655907,0.3901454988816355
STLAS_randomized,7890,0.01702084783416415,0.03945120009170337,0,0.4359871242603221,0.1310912966253205,0.1664459448639053,0.536057200839121,0.31739539164716724
MTLAS_randomized,6902,0.01438977419162917,0.035492513996006836,0,0.49087303675147637,0.43332039986857673,0.3530824519163854,0.5876408196209552,0.4662291770393484
STLAS_randomized_topic,9613,0.018921424783623356,0.04004076584318622,0,0.45589195418236,0.2995501680579258,0.2721592602655885,0.6346012005086166,0.4155506457536227
MTLAS_randomized,5859,0.016223599874866577,0.03764068982922114,0,0.5444199028021257,0.41635186008166475,0.4001692668765459,0.6306135207552428,0.4978886376288948
STLAS_randomized,8547,0.018111508611767958,0.04103288297174555,0,0.4079194278883292,0.3237257310155286,0.155671777385257,0.43202546433632943,0.32983560015636104
STLAS_randomized_topic,5562,0.019251481925290245,0.038196831636252954,0,0.4909450792495783,0.444546864954851,0.08346300558031232,0.44069139864002843,0.36491158710619254
MTLAS_randomized,5156,0.018454106551404868,0.0358486735513286,0,0.49454229105034425,0.35110235397085326,0.38537903179767286,0.6417335143437215,0.468189297790648
STLAS_randomized_topic,8044,0.01751392523577551,0.03578363906647732,0,0.48796164801755243,0.45244442110440614,0.19932134410344868,0.3218597067191291,0.36539677998613407
STLAS_randomized,1780,0.013626914057333368,0.038548111633369415,0,0.25855866777132325,0.1848006356540245,0.40402466741958487,0.5940094985219257,0.3603483673417146
MTLAS_randomized,8175,0.01624253683953316,0.03311662685412627,0,0.46160172476968836,0.4191815465390318,0.35405228600099625,0.40861216565621084,0.4108619307414818
STLAS_randomized_topic,4779,0.019140550922216375,0.043663883085052174,0,0.45377570727579153,0.36515358570514767,0.3177395403837225,0.5998780659755037,0.43413672483504134
STLAS_randomized,5436,0.015298877816015572,0.04000555609743441,0,0.4153409316352049,0.3338560806616797,0.23412881534823207,0.40611014075261037,0.3473589920994318
STLAS_randomized_topic,3142,0.018710149713950682,0.03100450832227414,0,0.4317771916005042,0.41715557737427966,0.3985332148423138,0.42039301929706685,0.4169647507785411
MTLAS_LOO_gretz_randomized,512,0.01784082415957596,0.037115171890367164,0,0,0.3556338426384886,0.31840372525633576,0.38292208145531487,0.3523198831167131
MTLAS_LOO_gretz_randomized,4637,0.019530542359679146,0.041195282887201756,0,0,0.32986897890771866,0.29720199694204436,0.6691601926153431,0.43207705615503533
MTLAS_LOO_swanson_randomized,3268,0.01605270612597508,0.030286700383090136,0,0.5022519616941562,0.39598700749253957,0.23322701290416775,0,0.3771553273636212
MTLAS_LOO_gretz_randomized,1512,0.020194347541620757,0.046171353331633976,0,0,0.4346479602903258,0.39407855831280025,0.6938848192947422,0.5075371126326228
MTLAS_LOO_toledo_randomized,3209,0.01202285008869891,0.03210669780021597,0,0.5134628577613005,0,0.30309652367868983,0.37537285348732236,0.3973107449757709
MTLAS_LOO_ukp_randomized,9981,0.015135824964172468,0.03512958754132043,0,0.4913750066243224,0.2624434058212769,0,0.5899062695961795,0.44790822734725966
MTLAS_LOO_gretz_randomized,9251,0.015720958752851736,0.04091630301073841,0,0,0.414167150781211,0.33399133074454707,0.5920822787711643,0.44674692009897415
MTLAS_LOO_gretz_randomized,28,0.01903887718260564,0.039323692303150894,0,0,0.462276382101548,0.4558903499291527,0.3560399150620591,0.4247355490309199
MTLAS_LOO_swanson_randomized,2606,0.013596966386343057,0.03282835766334425,0,0.4891752119646908,0.4615791311438116,0.4433704409690518,0,0.4647082613591847
MTLAS_LOO_gretz_randomized,4034,0.0189981406673472,0.0464042520771424,0,0,0.40112522310509474,0.21801418072423875,0.6720533349440274,0.43039757959112035
MTLAS_LOO_ukp_randomized,1712,0.018890674856568996,0.03732065862277523,0,0.5023971635043017,0.34039878093176806,0,0.44453762571513006,0.42911119005039994
MTLAS_LOO_toledo_randomized,4703,0.013878453256034139,0.03239168073715908,0,0.46510162259952903,0,0.3285145718678711,0.6543884142165756,0.48266820289465856
MTLAS_LOO_gretz_randomized,338,0.016981078590237602,0.03275582404888194,0,0,0.4641576574723459,0.24375293590467548,0.3912250269666671,0.3663785401145628
MTLAS_LOO_gretz_randomized,4452,0.01689433372147115,0.033717315753593165,0,0,0.3144072225583729,0.35171673535992243,0.4088590602657663,0.3583276727280205
MTLAS_LOO_ukp_randomized,8666,0.019785903074155328,0.03747455343123405,0,0.5013382780549338,0.40429393478916836,0,0.6535106957540798,0.5197143028660607
MTLAS_LOO_toledo_randomized,3248,0.01498412868303587,0.03159869552279512,0,0.4786777595556954,0,0.39072741281003853,0.3730217667280247,0.41414231303125293
MTLAS_LOO_swanson_randomized,2646,0.01398959317628075,0.027977299324616237,0,0.48655089384630357,0.41759945600092074,0.4857178703338819,0,0.4632894067270354
MTLAS_LOO_gretz_randomized,7330,0.017603868048410028,0.03914077207446098,0,0,0.2675196119021235,0.33700991402390007,0.6188209527000633,0.4077834928753623
MTLAS_LOO_gretz_randomized,6866,0.018046534089471704,0.03916455199941993,0,0,0.2280173769297826,0.46062635964610277,0.6244583202990174,0.4377006856249676
MTLAS_LOO_swanson_randomized,3466,0.016618427259752433,0.034204105101525786,0,0.512259761907405,0.4273827746070593,0.28001062461210335,0,0.4065510537088559
MTLAS_LOO_ukp_randomized,2574,0.01573546914579837,0.03636960008969674,0,0.5017647521767846,0.3703419529185622,0,0.44855649426300687,0.4402210664527846
MTLAS_LOO_toledo_randomized,9313,0.01281433991349703,0.0313518091345266,0,0.46308025407075265,0,0.3905587119957265,0.5880372806135377,0.48055874889333894
MTLAS_LOO_swanson_randomized,9952,0.016418408691301685,0.032226692785375884,0,0.47781970411831726,0.43175815105985776,0.35552162719309466,0,0.42169982745708995
MTLAS_LOO_toledo_randomized,6775,0.01348394402919943,0.03147192122904878,0,0.4717808297270851,0,0.2258134831754764,0.6518318753815389,0.44980872942803346
MTLAS_LOO_ukp_randomized,6154,0.017104966105130823,0.03407294252503883,0,0.49574137033344745,0.40463019032490916,0,0.37806279229846673,0.42614478431894115
MTLAS_LOO_toledo_randomized,901,0.016365166241027546,0.031250234235018964,0,0.5094700105073593,0,0.3591089077600193,0.39327139052544063,0.4206167695976064
MTLAS_LOO_swanson_randomized,9112,0.01208644964998322,0.03290878352269812,0,0.5000293139868595,0.23975269563961726,0.32737868407171095,0,0.3557202312327292
MTLAS_LOO_ukp_randomized,4743,0.017786292368809485,0.03696094364938089,0,0.48112067175450995,0.2414522755270376,0,0.672078819918346,0.4648839223999645
MTLAS_randomized,5095,0.016650550996383587,0.033461526558367594,0,0.5139425061003497,0.46425333529436064,0.1940291872224798,0.6558970952026106,0.45703053095495016
MTLAS_LOO_swanson_randomized,1769,0.014983135274152702,0.03209261263369537,0,0.4893874740535577,0.4570819629315844,0.4753517311355501,0,0.4739403893735641
MTLAS_LOO_toledo_randomized,5489,0.012891371158966377,0.03699205763507308,0,0.4939329966938464,0,0.30798897152403093,0.662549491122402,0.4881571531134264
MTLAS_LOO_ukp_randomized,8922,0.018159158002923836,0.03673976889023414,0,0.49729342342869626,0.36721704390046006,0,0.445576612045401,0.43669569312485246
MTLAS_randomized,1579,0.01710235886397034,0.03397957353727586,0,0.4972174039739919,0.4272863720020484,0.329193331740661,0.6211282742538952,0.4687063454926491
MTLAS_LOO_swanson_randomized,7118,0.016031504569661324,0.02899017831626928,0,0.5124863559663374,0.3576239474210239,0.5003192100663779,0,0.45680983781791307
MTLAS_LOO_toledo_randomized,8764,0.01227435734892813,0.03917477003830884,0,0.4924693658894116,0,0.4030524536504418,0.4425137073834414,0.44601184230776497
MTLAS_randomized,8491,0.013286890154800465,0.03017296890417735,0,0.4643044974189411,0.3098608511234965,0.412707539839719,0.38285327923135815,0.3924315419033787
MTLAS_LOO_ukp_randomized,74,0.012030460353178734,0.036017531031293085,0,0.4523186487473594,0.36070293466674536,0,0.33315460395765817,0.382058729123921
MTLAS_LOO_swanson_randomized,9149,0.014486133910028495,0.03201813000286448,0,0.5023303164220045,0.22383471543004116,0.4763406848987397,0,0.40083523891692846
MTLAS_LOO_toledo_randomized,9558,0.013685590210329265,0.02987229814595085,0,0.47859682885603005,0,0.24016211946872898,0.4377379412674607,0.38549896319740656
MTLAS_LOO_ukp_randomized,2298,0.017974492902557055,0.038722058137257896,0,0.5033720215527491,0.3953154554868035,0,0.6632379360871821,0.5206418043755782
MTLAS_randomized,9609,0.015517460949350205,0.03401522304801667,0,0.4955188442268364,0.4058054574067048,0.264203937931734,0.6564606349414976,0.45549721862669323
MTLAS_LOO_swanson_randomized,3317,0.012603611067130134,0.03139433266489573,0,0.4993012248927684,0.3946527699976276,0.24395945060930488,0,0.3793044818332336
MTLAS_LOO_toledo_randomized,7672,0.010791578026650636,0.032378725370327974,0,0.4929153627719157,0,0.3818602856194414,0.6483967576153741,0.507724135335577
MTLAS_LOO_ukp_randomized,8711,0.01624735982660304,0.03543297780247835,0,0.4750589766405541,0.28152431671369127,0,0.6685128188543412,0.4750320374028622
MTLAS_randomized,4612,0.014623805210185848,0.03198054902700346,0,0.4943176016766566,0.38193727854756643,0.2692616930508761,0.3945628524709753,0.3850198564365186
MTLAS_randomized,9080,0.01617744074544715,0.0339643268344494,0,0.5036001006873482,0.4302886566340462,0.3734403872432933,0.3853889584890735,0.4231795257634403
MTLAS_randomized,1821,0.016670557764368227,0.03386333719977448,0,0.5066548193536463,0.30029184559353533,0.3551375097143477,0.6269467450764012,0.44725772993448265
MTLAS_randomized,2728,0.012777329551615786,0.032633418243910584,0,0.48909010232765937,0.3116074928995315,0.257815765027402,0.41500873859363246,0.36838052471205635
MTLAS_randomized,2181,0.014832416955014747,0.03270822348581119,0,0.47868561724806463,0.2143127320477757,0.3349914858626565,0.3912714035777002,0.3548153096840493
MTLAS_randomized,6892,0.014851326714883479,0.03565844642280629,0,0.48357917986571247,0.37669225535356116,0.40698838922323305,0.6589026919196439,0.4815406290905377
MTLAS_randomized,7166,0.01601534131380807,0.0331280930623622,0,0.4643665861678213,0.43325691113536907,0.5837563164553505,0.37438306448482117,0.4639407195608405
MTLAS_randomized,6828,0.030901580716709832,0.035039577840103045,0,0.4449887537500358,0.4150055893519545,0.32492879943848074,0.6675957498039105,0.46312972308609535
MTLAS_randomized,6257,0.029565282793221424,0.03347922409219401,0,0.4727614779150188,0.41505534515433,0.3757967073736427,0.669208985623344,0.4832056290165838
MTLAS_randomized,7306,0.027774757083175304,0.034841103333747014,0,0.4659183010954694,0.3350683357100545,0.35320453522508016,0.6797655941328091,0.45848919154085327
MTLAS_randomized_mean,4414,0.028771427604033777,0.033136523413387214,0.03397398887935913,0.45106343121837394,0.3217625071597474,0.2441153767154882,0.39968079926653327,0.3541555285900357
MTLAS_randomized_all,7265,0.0370139936650438,0.033325401621942335,0.03770854603499174,0.40813680842052186,0.3611643462711361,-0.053206489992033174,0.31850576743017894,0.2586501080324509
MTLAS_randomized_all,6750,0.03759844218870797,0.03187281968580051,0.033690414189671475,0.4463055277816672,0.277207879284929,0.3107757694854464,0.33329182707033517,0.34189525090559447
MTLAS_randomized_all,1827,0.013361458531857615,0.03535283387036008,0.03311921147486338,0.48236778308263367,0.2887310993467308,0.2164666672906606,0.4549995403716662,0.36064127252292283
MTLAS_randomized_all,8005,0.015504609806558642,0.03448908838641937,0.03661164657120973,0.5061896791419163,0.3861209149817583,0.45773943288490876,0.36749169471368226,0.4293854304305664
MTLAS_randomized_all,3349,0.010824453664624834,0.03539035405431475,0.03600029778275369,0.49636799974638113,0.3302501732969615,0.3069455965541334,0.3688537598793694,0.37560438236921134
MTLAS_randomized_all,4802,0.01649812492715292,0.03163910708099138,0.03489761778199282,0.4982531102146454,0.35551283863396965,0.3260534267743455,0.44315258258850077,0.40574298955286536
MTLAS_randomized_all,9718,0.01421572367231836,0.032731157450659853,0.03310900081551688,0.4838955722682319,0.29563008091149884,0.4421869331432384,0.5889452232668332,0.4526644523974506
MTLAS_randomized_all,4189,0.01667960254631483,0.03072750464300899,0.0351446306363481,0.49400369470536604,0.1990987644854858,0.33347965430688625,0.4152493478297861,0.36045786533188107
MTLAS_randomized_all,3433,0.0169241272685069,0.034387186635285616,0.031349092174102276,0.472394404922056,0.38943217008371267,0.48784102800155676,0.5946161623884529,0.48607094134894463
MTLAS_randomized_all,2253,0.012378326827090794,0.03142992671414772,0.03649803831313665,0.46982079043178104,0.3272094192481129,0.46506883721437,0.3761010321891286,0.40955001977084815
MTLAS_randomized_all,1611,0.013817627606580831,0.03037954101768824,0.035570403990837246,0.49265767250324527,0.4126479968645482,0.16519293912502395,0.41384951525881464,0.371087030937908
MTLAS_randomized_all,4493,0.015652004939814407,0.033830137395147064,0.03347574961795048,0.4848379112135289,0.2060759231827207,0.3835142822542904,0.6156222023814291,0.4225125797579923
